{
  "flexiv_pump_1bottle_inputForce": {
    "action": {
      "mean": [
        0.651198148727417,
        -0.015186064876616001,
        0.282328337430954,
        0.5250579714775085,
        3.032496452331543,
        0.4611964225769043,
        0.05116966739296913
      ],
      "std": [
        0.08907108008861542,
        0.11756020039319992,
        0.056719984859228134,
        1.1079888343811035,
        0.05353693291544914,
        1.0586261749267578,
        0.0446290597319603
      ],
      "min": [
        0.46826231479644775,
        -0.3149282932281494,
        0.17410160601139069,
        -3.214125156402588,
        2.786175012588501,
        -3.0681557655334473,
        0.009859999641776085
      ],
      "max": [
        0.9113578200340271,
        0.23440365493297577,
        0.38610485196113586,
        3.065828561782837,
        3.1399989128112793,
        3.211679458618164,
        0.10000000149011612
      ],
      "q01": [
        0.46831105649471283,
        -0.30042417347431183,
        0.18566352128982544,
        -2.3171106576919556,
        2.8900455236434937,
        -2.2415391206741333,
        0.009999999776482582
      ],
      "q99": [
        0.8995916247367859,
        0.2276490107178688,
        0.3756382316350937,
        2.6881420612335205,
        3.1224254369735718,
        2.633562207221985,
        0.10000000149011612
      ]
    },
    "proprio": {
      "mean": [
        0.6495679616928101,
        -0.015918375924229622,
        0.28316962718963623,
        0.5150855183601379,
        3.031327486038208,
        0.45062851905822754,
        0.05124249309301376
      ],
      "std": [
        0.08923689275979996,
        0.1173957884311676,
        0.0564863421022892,
        1.0976295471191406,
        0.05392690747976303,
        1.0524660348892212,
        0.042918723076581955
      ],
      "min": [
        0.46817225217819214,
        -0.3155463635921478,
        0.1909593641757965,
        -3.208766460418701,
        2.78617525100708,
        -3.070805072784424,
        0.009859999641776085
      ],
      "max": [
        0.8814575672149658,
        0.23492495715618134,
        0.3862903118133545,
        3.114013910293579,
        3.14113450050354,
        3.2001230716705322,
        0.10005000233650208
      ],
      "q01": [
        0.46830131113529205,
        -0.30115802586078644,
        0.19461653381586075,
        -2.371621012687683,
        2.8931639194488525,
        -2.2382813692092896,
        0.009859999641776085
      ],
      "q99": [
        0.8730990290641785,
        0.22830991446971893,
        0.3757542371749878,
        2.568902611732483,
        3.121904492378235,
        2.596639037132263,
        0.09990499913692474
      ]
    },
    "num_transitions": 13751,
    "num_trajectories": 40
  }
}